{
  "generated_at": "2026-07-21T22:56:17.821925Z",
  "results": {
    "baseline": {
      "avg_relevance": 4.833333333333333,
      "avg_groundedness": 4.9,
      "avg_citation": 2.8,
      "avg_overall": 4.177777777777778,
      "questions": 30
    },
    "grounded": {
      "avg_relevance": 4.833333333333333,
      "avg_groundedness": 4.966666666666667,
      "avg_citation": 4.833333333333333,
      "avg_overall": 4.877777777777778,
      "questions": 30
    },
    "tutor": {
      "avg_relevance": 4.8,
      "avg_groundedness": 4.8,
      "avg_citation": 4.8,
      "avg_overall": 4.8,
      "questions": 30
    }
  }
}
