{
  "generated_at": "2026-07-21T07:22:41.884790Z",
  "limit": 10,
  "results": {
    "text": {
      "hit_rate_5": 0.7966666666666666,
      "hit_rate_10": 0.8833333333333333,
      "mrr": 0.5776243386243386,
      "questions": 300
    },
    "vector": {
      "hit_rate_5": 0.9733333333333334,
      "hit_rate_10": 0.99,
      "mrr": 0.8691944444444444,
      "questions": 300
    },
    "hybrid": {
      "hit_rate_5": 0.9633333333333334,
      "hit_rate_10": 0.9833333333333333,
      "mrr": 0.7958187830687831,
      "questions": 300
    },
    "hybrid_rerank": {
      "hit_rate_5": 0.20666666666666667,
      "hit_rate_10": 0.31,
      "mrr": 0.12855820105820107,
      "questions": 300
    }
  }
}
