{
  "generated_at": "2026-07-17T19:46:32.693800Z",
  "limit": 10,
  "results": {
    "text": {
      "hit_rate_5": 0.7966666666666666,
      "hit_rate_10": 0.8833333333333333,
      "mrr": 0.5776243386243386,
      "questions": 300
    },
    "vector": {
      "hit_rate_5": 0.9733333333333334,
      "hit_rate_10": 0.99,
      "mrr": 0.8691944444444444,
      "questions": 300
    },
    "hybrid": {
      "hit_rate_5": 0.96,
      "hit_rate_10": 0.9833333333333333,
      "mrr": 0.795707671957672,
      "questions": 300
    },
    "hybrid_rerank": {
      "hit_rate_5": 0.21,
      "hit_rate_10": 0.31,
      "mrr": 0.12826984126984128,
      "questions": 300
    }
  }
}
